-- Insert data into users table
INSERT INTO users (email, password, fullname, status, role)
VALUES ('admin@example.com', 'password_admin', 'Admin User', 'ACTIVE', 'ADMIN'),
       ('user1@example.com', 'password001', 'Nguyen Van A', 'ACTIVE', 'USER'),
       ('user2@example.com', 'password002', 'Tran Thi B', 'ACTIVE', 'USER'),
       ('user3@example.com', 'password003', 'Le Van C', 'ACTIVE', 'USER'),
       ('user4@example.com', 'password004', 'Pham Thi D', 'BLOCK', 'USER'),
       ('user5@example.com', 'password005', 'Hoang Van E', 'ACTIVE', 'USER'),
       ('user6@example.com', 'password006', 'Vu Thi F', 'ACTIVE', 'USER'),
       ('user7@example.com', 'password007', 'Dang Van G', 'ACTIVE', 'USER'),
       ('user8@example.com', 'password008', 'Bui Thi H', 'BLOCK', 'USER'),
       ('user9@example.com', 'password009', 'Nguyen Van I', 'ACTIVE', 'USER'),
       ('user10@example.com', 'password010', 'Tran Van J', 'ACTIVE', 'USER'),
       ('user11@example.com', 'password011', 'Le Thi K', 'ACTIVE', 'USER'),
       ('user12@example.com', 'password012', 'Pham Van L', 'ACTIVE', 'USER'),
       ('user13@example.com', 'password013', 'Hoang Thi M', 'BLOCK', 'USER'),
       ('user14@example.com', 'password014', 'Vu Van N', 'ACTIVE', 'USER'),
       ('user15@example.com', 'password015', 'Dang Thi O', 'ACTIVE', 'USER'),
       ('user16@example.com', 'password016', 'Bui Van P', 'ACTIVE', 'USER'),
       ('user17@example.com', 'password017', 'Nguyen Thi Q', 'ACTIVE', 'USER'),
       ('user18@example.com', 'password018', 'Tran Van R', 'BLOCK', 'USER'),
       ('user19@example.com', 'password019', 'Le Thi S', 'ACTIVE', 'USER'),
       ('user20@example.com', 'password020', 'Pham Van T', 'ACTIVE', 'USER'),
       ('user21@example.com', 'password021', 'Hoang Thi U', 'ACTIVE', 'USER'),
       ('user22@example.com', 'password022', 'Vu Van V', 'ACTIVE', 'USER'),
       ('user23@example.com', 'password023', 'Dang Thi W', 'BLOCK', 'USER'),
       ('user24@example.com', 'password024', 'Bui Van X', 'ACTIVE', 'USER'),
       ('user25@example.com', 'password025', 'Nguyen Thi Y', 'ACTIVE', 'USER'),
       ('user26@example.com', 'password026', 'Tran Van Z', 'ACTIVE', 'USER'),
       ('user27@example.com', 'password027', 'Le Hong A', 'ACTIVE', 'USER'),
       ('user28@example.com', 'password028', 'Pham Minh B', 'BLOCK', 'USER'),
       ('user29@example.com', 'password029', 'Hoang Duc C', 'ACTIVE', 'USER'),
       ('user30@example.com', 'password030', 'Vu Hai D', 'ACTIVE', 'USER'),
       ('user31@example.com', 'password031', 'Dang Thu E', 'ACTIVE', 'USER'),
       ('user32@example.com', 'password032', 'Bui Quang F', 'ACTIVE', 'USER'),
       ('user33@example.com', 'password033', 'Nguyen Tuan G', 'BLOCK', 'USER'),
       ('user34@example.com', 'password034', 'Tran Mai H', 'ACTIVE', 'USER'),
       ('user35@example.com', 'password035', 'Le Thanh I', 'ACTIVE', 'USER'),
       ('user36@example.com', 'password036', 'Pham Trung J', 'ACTIVE', 'USER'),
       ('user37@example.com', 'password037', 'Hoang Anh K', 'ACTIVE', 'USER'),
       ('user38@example.com', 'password038', 'Vu Ngoc L', 'BLOCK', 'USER'),
       ('user39@example.com', 'password039', 'Dang Hoa M', 'ACTIVE', 'USER'),
       ('user40@example.com', 'password040', 'Bui Linh N', 'ACTIVE', 'USER'),
       ('user41@example.com', 'password041', 'Nguyen Vinh O', 'ACTIVE', 'USER'),
       ('user42@example.com', 'password042', 'Tran Phong P', 'ACTIVE', 'USER'),
       ('user43@example.com', 'password043', 'Le Tan Q', 'BLOCK', 'USER'),
       ('user44@example.com', 'password044', 'Pham Hung R', 'ACTIVE', 'USER'),
       ('user45@example.com', 'password045', 'Hoang Phuc S', 'ACTIVE', 'USER'),
       ('user46@example.com', 'password046', 'Vu Tam T', 'ACTIVE', 'USER'),
       ('user47@example.com', 'password047', 'Dang Khoi U', 'ACTIVE', 'USER'),
       ('user48@example.com', 'password048', 'Bui Truong V', 'BLOCK', 'USER'),
       ('user49@example.com', 'password049', 'Nguyen Ha X', 'ACTIVE', 'USER'),
       ('manager@example.com', 'password_manager', 'Manager User', 'ACTIVE', 'ADMIN');

-- Insert data into products table
INSERT INTO products (name, description, price, stock, original_price, category)
VALUES ('Sách Tiếng Việt Lớp 1', 'Sách giáo khoa tiếng Việt dành cho học sinh lớp 1', 25.000, 100, 20.000, 'BOOKS'),
       ('Sách Toán Lớp 2', 'Sách giáo khoa toán học dành cho học sinh lớp 2', 28.000, 80, 22.000, 'BOOKS'),
       ('Máy Tính Casio FX570', 'Máy tính khoa học Casio FX570', 450.000, 50, 400.000, 'ELECTRONICS'),
       ('Điện Thoại Samsung Galaxy A53', 'Điện thoại thông minh Samsung Galaxy A53', 8500.000, 30, 7500.000,
        'ELECTRONICS'),
       ('Laptop Dell Inspiron 15', 'Laptop Dell Inspiron 15 inch', 15000.000, 15, 13000.000, 'ELECTRONICS'),
       ('Bàn Học Sinh', 'Bàn học sinh gỗ chắc chắn', 1200.000, 25, 1000.000, 'FURNITURE'),
       ('Ghế Văn Phòng', 'Ghế văn phòng cao cấp', 1500.000, 20, 1300.000, 'FURNITURE'),
       ('Sách Harry Potter', 'Bộ sách Harry Potter bản tiếng Việt', 350.000, 40, 300.000, 'BOOKS'),
       ('Bút Bi Thiên Long', 'Bút bi Thiên Long xanh', 5.000, 500, 4.000, 'STATIONERY'),
       ('Vở Học Sinh', 'Vở học sinh 96 trang', 12.000, 300, 10.000, 'STATIONERY'),
       ('Áo Sơ Mi Nam', 'Áo sơ mi nam trắng', 350.000, 60, 300.000, 'CLOTHING'),
       ('Quần Jean Nữ', 'Quần jean nữ xanh đậm', 450.000, 50, 380.000, 'CLOTHING'),
       ('Tai Nghe Bluetooth', 'Tai nghe bluetooth không dây', 550.000, 40, 450.000, 'ELECTRONICS'),
       ('Loa Bluetooth JBL', 'Loa bluetooth JBL chống nước', 1200.000, 35, 1000.000, 'ELECTRONICS'),
       ('Sách Đắc Nhân Tâm', 'Sách Đắc Nhân Tâm của Dale Carnegie', 85.000, 70, 70.000, 'BOOKS'),
       ('Balo Học Sinh', 'Balo dành cho học sinh cấp 2', 350.000, 45, 300.000, 'ACCESSORIES'),
       ('Dép Nam', 'Dép nam da cao cấp', 280.000, 60, 220.000, 'FOOTWEAR'),
       ('Giày Thể Thao Nữ', 'Giày thể thao nữ', 650.000, 40, 550.000, 'FOOTWEAR'),
       ('Nồi Cơm Điện', 'Nồi cơm điện 1.8L', 800.000, 30, 700.000, 'HOUSEHOLD'),
       ('Máy Lọc Không Khí', 'Máy lọc không khí thông minh', 3500.000, 15, 3000.000, 'ELECTRONICS'),
       ('Tủ Lạnh Samsung', 'Tủ lạnh Samsung 200L', 8500.000, 10, 7500.000, 'ELECTRONICS'),
       ('Máy Giặt LG', 'Máy giặt LG 9kg', 7500.000, 10, 6500.000, 'ELECTRONICS'),
       ('Tivi Sony 50 inch', 'Tivi Sony 50 inch 4K', 12000.000, 8, 10000.000, 'ELECTRONICS'),
       ('Đồng Hồ Nam', 'Đồng hồ nam cao cấp', 1500.000, 20, 1300.000, 'ACCESSORIES'),
       ('Nhẫn Bạc Nữ', 'Nhẫn bạc nữ kiểu dáng đơn giản', 300.000, 40, 250.000, 'JEWELRY'),
       ('Dây Chuyền Bạc', 'Dây chuyền bạc 925', 450.000, 30, 380.000, 'JEWELRY'),
       ('Sách Dạy Nấu Ăn', 'Sách hướng dẫn nấu các món ăn Việt Nam', 120.000, 50, 100.000, 'BOOKS'),
       ('Bàn Ủi', 'Bàn ủi hơi nước Philips', 850.000, 25, 750.000, 'HOUSEHOLD'),
       ('Nồi Chiên Không Dầu', 'Nồi chiên không dầu 5L', 1600.000, 20, 1400.000, 'HOUSEHOLD'),
       ('Sách Tiếng Anh Giao Tiếp', 'Sách học tiếng Anh giao tiếp', 150.000, 60, 130.000, 'BOOKS'),
       ('Máy Ảnh Canon', 'Máy ảnh Canon EOS 1500D', 12000.000, 10, 10500.000, 'ELECTRONICS'),
       ('Bộ Dao Nhà Bếp', 'Bộ dao nhà bếp 5 món', 750.000, 30, 650.000, 'HOUSEHOLD'),
       ('Chảo Chống Dính', 'Chảo chống dính 28cm', 350.000, 40, 300.000, 'HOUSEHOLD'),
       ('Áo Khoác Nam', 'Áo khoác nam mùa đông', 750.000, 35, 650.000, 'CLOTHING'),
       ('Áo Len Nữ', 'Áo len nữ mỏng', 450.000, 40, 380.000, 'CLOTHING'),
       ('Đèn Học LED', 'Đèn học LED chống cận', 280.000, 50, 230.000, 'HOUSEHOLD'),
       ('Kem Chống Nắng', 'Kem chống nắng SPF 50', 250.000, 60, 200.000, 'COSMETICS'),
       ('Son Môi', 'Son môi lì không trôi', 180.000, 70, 150.000, 'COSMETICS'),
       ('Bút Chì 2B', 'Bút chì 2B hộp 10 cây', 25.000, 200, 20.000, 'STATIONERY'),
       ('Sữa Tắm', 'Sữa tắm hương hoa hồng 500ml', 120.000, 80, 100.000, 'PERSONAL_CARE'),
       ('Dầu Gội Đầu', 'Dầu gội đầu dành cho tóc khô 400ml', 150.000, 70, 130.000, 'PERSONAL_CARE'),
       ('Bàn Chải Đánh Răng', 'Bàn chải đánh răng mềm', 25.000, 150, 20.000, 'PERSONAL_CARE'),
       ('Kem Đánh Răng', 'Kem đánh răng bạc hà 200g', 35.000, 120, 30.000, 'PERSONAL_CARE'),
       ('Nước Hoa Nam', 'Nước hoa nam 50ml', 850.000, 30, 750.000, 'COSMETICS'),
       ('Nước Hoa Nữ', 'Nước hoa nữ 30ml', 750.000, 35, 650.000, 'COSMETICS'),
       ('Cặp Tài Liệu', 'Cặp đựng tài liệu da công sở', 450.000, 40, 380.000, 'ACCESSORIES'),
       ('Túi Xách Nữ', 'Túi xách nữ da cao cấp', 1200.000, 25, 1000.000, 'ACCESSORIES'),
       ('Máy Tính Bảng Samsung', 'Máy tính bảng Samsung Tab A8', 6500.000, 15, 5800.000, 'ELECTRONICS'),
       ('Sạc Dự Phòng', 'Pin sạc dự phòng 10000mAh', 350.000, 50, 300.000, 'ELECTRONICS'),
       ('Bộ sạc iphone', 'Bộ sạc iphone đầu lightning', 600.000, 150, 500.000, 'ELECTRONICS');

-- Insert 50 carts (one for each user)
INSERT INTO carts (id, user_id)
VALUES (1, 1),
       (2, 2),
       (3, 3),
       (4, 4),
       (5, 5),
       (6, 6),
       (7, 7),
       (8, 8),
       (9, 9),
       (10, 10),
       (11, 11),
       (12, 12),
       (13, 13),
       (14, 14),
       (15, 15),
       (16, 16),
       (17, 17),
       (18, 18),
       (19, 19),
       (20, 20),
       (21, 21),
       (22, 22),
       (23, 23),
       (24, 24),
       (25, 25),
       (26, 26),
       (27, 27),
       (28, 28),
       (29, 29),
       (30, 30),
       (31, 31),
       (32, 32),
       (33, 33),
       (34, 34),
       (35, 35),
       (36, 36),
       (37, 37),
       (38, 38),
       (39, 39),
       (40, 40),
       (41, 41),
       (42, 42),
       (43, 43),
       (44, 44),
       (45, 45),
       (46, 46),
       (47, 47),
       (48, 48),
       (49, 49),
       (50, 50);

-- Insert 50 cart_items (distribute among various carts)
INSERT INTO cart_items (id, product_id, cart_id, quantity)
VALUES (1, 1, 1, 1),
       (2, 5, 1, 2),
       (3, 10, 2, 1),
       (4, 15, 2, 3),
       (5, 20, 3, 1),
       (6, 25, 3, 1),
       (7, 30, 4, 2),
       (8, 35, 4, 1),
       (9, 40, 5, 1),
       (10, 45, 5, 2),
       (11, 2, 6, 1),
       (12, 7, 6, 1),
       (13, 12, 7, 2),
       (14, 17, 7, 1),
       (15, 22, 8, 1),
       (16, 27, 8, 3),
       (17, 32, 9, 1),
       (18, 37, 9, 1),
       (19, 42, 10, 1),
       (20, 47, 10, 2),
       (21, 3, 11, 1),
       (22, 8, 11, 1),
       (23, 13, 12, 2),
       (24, 18, 12, 1),
       (25, 23, 13, 1),
       (26, 28, 13, 4),
       (27, 33, 14, 2),
       (28, 38, 14, 1),
       (29, 43, 15, 1),
       (30, 48, 15, 1),
       (31, 4, 16, 2),
       (32, 9, 16, 1),
       (33, 14, 17, 1),
       (34, 19, 17, 2),
       (35, 24, 18, 1),
       (36, 29, 18, 2),
       (37, 34, 19, 1),
       (38, 39, 19, 1),
       (39, 44, 20, 1),
       (40, 49, 20, 2),
       (41, 1, 21, 1),
       (42, 6, 21, 1),
       (43, 11, 22, 2),
       (44, 16, 22, 1),
       (45, 21, 23, 1),
       (46, 26, 23, 1),
       (47, 31, 24, 3),
       (48, 36, 24, 2),
       (49, 41, 25, 1),
       (50, 46, 25, 1);

-- Insert 50 orders với status đúng theo mô tả
INSERT INTO orders (id, description, status, total_amount, user_id)
VALUES (1, 'Đơn hàng đầu tiên', 'ORDER_SUCCESS', 8499800, 1),
       (2, 'Mua sắm ngày lễ', 'DELIVERY_SUCCESS', 2639600, 2),
       (3, 'Quà sinh nhật', 'ORDER_SUCCESS', 2799800, 3),
       (4, 'Đồ dùng thiết yếu cho nhà', 'DELIVERY_SUCCESS', 1149800, 4),
       (5, 'Mua đồ điện tử', 'ORDER_SUCCESS', 849800, 5),
       (6, 'Nâng cấp nhà bếp', 'ORDER_PROCESSING', 1499800, 6),
       (7, 'Thiết bị tập thể dục', 'DELIVERY_SUCCESS', 1549800, 7),
       (8, 'Trang trí nhà', 'ORDER_SUCCESS', 799600, 8),
       (9, 'Đồ dùng văn phòng', 'DELIVERY_SUCCESS', 749800, 9),
       (10, 'Mua quà tặng', 'DELIVERY_SUCCESS', 1199800, 10),
       (11, 'Đồ dùng học tập', 'ORDER_SUCCESS', 2799800, 11),
       (12, 'Đồ dùng phòng ngủ', 'DELIVERY_SUCCESS', 949800, 12),
       (13, 'Dụng cụ nhà bếp', 'PREPARE_PRODUCT', 1079800, 13),
       (14, 'Đồ dùng ngoài trời', 'ORDER_SUCCESS', 1449800, 14),
       (15, 'Nâng cấp thiết bị điện tử', 'DELIVERY_SUCCESS', 4499800, 15),
       (16, 'Cải tạo nhà', 'ORDER_SUCCESS', 499800, 16),
       (17, 'Đồ dùng chăm sóc cá nhân', 'DELIVERY_SUCCESS', 949800, 17),
       (18, 'Thiết lập không gian làm việc', 'ORDER_SUCCESS', 2799800, 18),
       (19, 'Quà tặng bạn bè', 'ORDER_CANCLE', 1199900, 19),
       (20, 'Tạp hóa hàng tuần', 'DELIVERY_SUCCESS', 849800, 20),
       (21, 'Thiết bị công nghệ mới', 'ORDER_PROCESSING', 2449800, 21),
       (22, 'Mua sắm mùa hè', 'DELIVERY_SUCCESS', 2949800, 22),
       (23, 'Quà kỷ niệm', 'DELIVERY_SUCCESS', 2249800, 23),
       (24, 'Đồ dùng mùa đông', 'DELIVERY_SUCCESS', 949800, 24),
       (25, 'Thiết bị gia dụng', 'PREPARE_PRODUCT', 1599800, 25),
       (26, 'Quần áo thể thao', 'DELIVERY_SUCCESS', 1299800, 26),
       (27, 'Phụ kiện công nghệ', 'ORDER_SUCCESS', 1549800, 27),
       (28, 'Đồ dùng học tập', 'DELIVERY_SUCCESS', 1929800, 28),
       (29, 'Đồ cắm trại', 'DELIVERY_PROCESSING', 1499800, 29),
       (30, 'Bộ sưu tập mùa thu', 'DELIVERY_SUCCESS', 1999800, 30),
       (31, 'Thiết lập văn phòng', 'ORDER_SUCCESS', 2799700, 31),
       (32, 'Giỏ quà tặng', 'DELIVERY_SUCCESS', 1399800, 32),
       (33, 'Đồ dùng nhà bếp', 'ORDER_SUCCESS', 1699800, 33),
       (34, 'Đồ dùng phòng tắm', 'ORDER_PROCESSING', 649800, 34),
       (35, 'Rạp phim tại nhà', 'DELIVERY_SUCCESS', 3699800, 35),
       (36, 'Cải tạo phòng ngủ', 'ORDER_SUCCESS', 2999800, 36),
       (37, 'Thiết bị tập luyện', 'DELIVERY_SUCCESS', 1799800, 37),
       (38, 'Thiết bị nhà thông minh', 'PREPARE_PRODUCT', 2599800, 38),
       (39, 'Quần áo mùa đông', 'DELIVERY_SUCCESS', 1299800, 39),
       (40, 'Đồ dùng dọn dẹp mùa xuân', 'DELIVERY_SUCCESS', 1249800, 40),
       (41, 'Quay lại văn phòng', 'ORDER_SUCCESS', 2999800, 41),
       (42, 'Đồ dùng nấu ăn thiết yếu', 'DELIVERY_PROCESSING', 1499800, 42),
       (43, 'Phụ kiện du lịch', 'DELIVERY_SUCCESS', 799800, 43),
       (44, 'An ninh gia đình', 'ORDER_SUCCESS', 1999800, 44),
       (45, 'Giải trí', 'DELIVERY_SUCCESS', 2399800, 45),
       (46, 'Đồ dùng cho thú cưng', 'ORDER_PROCESSING', 699800, 46),
       (47, 'Phụ kiện xe hơi', 'DELIVERY_FAIL', 899800, 47),
       (48, 'Đồ nội thất ngoài trời', 'ORDER_SUCCESS', 3299800, 48),
       (49, 'Đồ dùng phòng ăn', 'DELIVERY_SUCCESS', 2599800, 49),
       (50, 'Sản phẩm sức khỏe', 'ORDER_FAIL', 749800, 50),
       (51, 'Sản phẩm Test', 'ORDER_SUCCESS', 800000, 1);

-- Insert 50 order_items (giữ nguyên)
INSERT INTO order_items (id, product_id, order_id, original_price, price)
VALUES (1, 1, 1, 8999900, 7999900),
       (2, 5, 1, 799900, 499900),
       (3, 10, 2, 399900, 349900),
       (4, 15, 2, 149900, 129900),
       (5, 20, 2, 799900, 699900),
       (6, 25, 2, 1999900, 1799900),
       (7, 30, 3, 499900, 449900),
       (8, 35, 3, 899900, 799900),
       (9, 40, 3, 599900, 499900),
       (10, 45, 3, 349900, 299900),
       (11, 2, 4, 12999900, 11999900),
       (12, 7, 4, 1199900, 999900),
       (13, 12, 5, 499900, 449900),
       (14, 17, 5, 399900, 349900),
       (15, 22, 6, 899900, 799900),
       (16, 27, 6, 249900, 199900),
       (17, 32, 7, 299900, 249900),
       (18, 37, 7, 599900, 499900),
       (19, 42, 8, 3999900, 3499900),
       (20, 47, 8, 499900, 449900),
       (21, 3, 9, 1499900, 1299900),
       (22, 8, 9, 1999900, 1799900),
       (23, 13, 10, 299900, 249900),
       (24, 18, 10, 299900, 249900),
       (25, 23, 11, 1599900, 1499900),
       (26, 28, 11, 149900, 129900),
       (27, 33, 12, 199900, 179900),
       (28, 38, 12, 1299900, 1199900),
       (29, 43, 13, 299900, 249900),
       (30, 48, 13, 599900, 499900),
       (31, 4, 14, 2499900, 1999900),
       (32, 9, 14, 199900, 149900),
       (33, 14, 15, 1499900, 1299900),
       (34, 19, 15, 699900, 599900),
       (35, 24, 16, 1499900, 1299900),
       (36, 29, 16, 349900, 299900),
       (37, 34, 17, 999900, 899900),
       (38, 39, 17, 399900, 349900),
       (39, 44, 18, 1199900, 999900),
       (40, 49, 18, 399900, 349900),
       (41, 1, 19, 8999900, 7999900),
       (42, 6, 19, 899900, 799900),
       (43, 11, 20, 899900, 799900),
       (44, 16, 20, 1999900, 1799900),
       (45, 21, 21, 499900, 449900),
       (46, 26, 21, 1199900, 999900),
       (47, 31, 22, 799900, 699900),
       (48, 36, 22, 249900, 199900),
       (49, 41, 23, 1299900, 1199900),
       (50, 46, 23, 799900, 699900);